<?xml version="1.0" encoding="UTF-8"?>
<office:document-content xmlns:office="urn:oasis:names:tc:opendocument:xmlns:office:1.0" xmlns:style="urn:oasis:names:tc:opendocument:xmlns:style:1.0" xmlns:text="urn:oasis:names:tc:opendocument:xmlns:text:1.0" xmlns:table="urn:oasis:names:tc:opendocument:xmlns:table:1.0" xmlns:draw="urn:oasis:names:tc:opendocument:xmlns:drawing:1.0" xmlns:fo="urn:oasis:names:tc:opendocument:xmlns:xsl-fo-compatible:1.0" xmlns:xlink="http://www.w3.org/1999/xlink" xmlns:dc="http://purl.org/dc/elements/1.1/" xmlns:meta="urn:oasis:names:tc:opendocument:xmlns:meta:1.0" xmlns:number="urn:oasis:names:tc:opendocument:xmlns:datastyle:1.0" xmlns:svg="urn:oasis:names:tc:opendocument:xmlns:svg-compatible:1.0" xmlns:chart="urn:oasis:names:tc:opendocument:xmlns:chart:1.0" xmlns:dr3d="urn:oasis:names:tc:opendocument:xmlns:dr3d:1.0" xmlns:math="http://www.w3.org/1998/Math/MathML" xmlns:form="urn:oasis:names:tc:opendocument:xmlns:form:1.0" xmlns:script="urn:oasis:names:tc:opendocument:xmlns:script:1.0" xmlns:ooo="http://openoffice.org/2004/office" xmlns:ooow="http://openoffice.org/2004/writer" xmlns:oooc="http://openoffice.org/2004/calc" xmlns:dom="http://www.w3.org/2001/xml-events" xmlns:xforms="http://www.w3.org/2002/xforms" xmlns:xsd="http://www.w3.org/2001/XMLSchema" xmlns:xsi="http://www.w3.org/2001/XMLSchema-instance" xmlns:rpt="http://openoffice.org/2005/report" xmlns:of="urn:oasis:names:tc:opendocument:xmlns:of:1.2" xmlns:xhtml="http://www.w3.org/1999/xhtml" xmlns:grddl="http://www.w3.org/2003/g/data-view#" xmlns:officeooo="http://openoffice.org/2009/office" xmlns:tableooo="http://openoffice.org/2009/table" xmlns:drawooo="http://openoffice.org/2010/draw" xmlns:calcext="urn:org:documentfoundation:names:experimental:calc:xmlns:calcext:1.0" xmlns:loext="urn:org:documentfoundation:names:experimental:office:xmlns:loext:1.0" xmlns:field="urn:openoffice:names:experimental:ooo-ms-interop:xmlns:field:1.0" xmlns:formx="urn:openoffice:names:experimental:ooxml-odf-interop:xmlns:form:1.0" xmlns:css3t="http://www.w3.org/TR/css3-text/" office:version="1.2"><office:scripts/><office:font-face-decls><style:font-face style:name="OpenSymbol" svg:font-family="OpenSymbol" style:font-charset="x-symbol"/><style:font-face style:name="Lohit Hindi1" svg:font-family="&apos;Lohit Hindi&apos;"/><style:font-face style:name="Times new roman" svg:font-family="&apos;Times new roman&apos;" style:font-family-generic="roman"/><style:font-face style:name="DejaVu Sans Mono" svg:font-family="&apos;DejaVu Sans Mono&apos;" style:font-family-generic="modern" style:font-pitch="fixed"/><style:font-face style:name="Lohit Hindi2" svg:font-family="&apos;Lohit Hindi&apos;" style:font-family-generic="modern" style:font-pitch="fixed"/><style:font-face style:name="Liberation Serif" svg:font-family="&apos;Liberation Serif&apos;" style:font-family-generic="roman" style:font-pitch="variable"/><style:font-face style:name="Liberation Sans" svg:font-family="&apos;Liberation Sans&apos;" style:font-family-generic="swiss" style:font-pitch="variable"/><style:font-face style:name="DejaVu Sans" svg:font-family="&apos;DejaVu Sans&apos;" style:font-family-generic="system" style:font-pitch="variable"/><style:font-face style:name="Lohit Hindi" svg:font-family="&apos;Lohit Hindi&apos;" style:font-family-generic="system" style:font-pitch="variable"/></office:font-face-decls><office:automatic-styles><style:style style:name="Tabla1" style:family="table"><style:table-properties style:width="6.3347in" fo:break-before="page" table:align="margins"/></style:style><style:style style:name="Tabla1.A" style:family="table-column"><style:table-column-properties style:column-width="1.5743in" style:rel-column-width="16286*"/></style:style><style:style style:name="Tabla1.B" style:family="table-column"><style:table-column-properties style:column-width="3.1847in" style:rel-column-width="32947*"/></style:style><style:style style:name="Tabla1.C" style:family="table-column"><style:table-column-properties style:column-width="1.5757in" style:rel-column-width="16302*"/></style:style><style:style style:name="Tabla1.1" style:family="table-row"><style:table-row-properties style:min-row-height="0.3583in"/></style:style><style:style style:name="Tabla1.A1" style:family="table-cell"><style:table-cell-properties fo:padding="0.0382in" fo:border="none"/></style:style><style:style style:name="Tabla2" style:family="table"><style:table-properties style:width="6.3347in" table:align="margins"/></style:style><style:style style:name="Tabla2.A" style:family="table-column"><style:table-column-properties style:column-width="2.1118in" style:rel-column-width="21845*"/></style:style><style:style style:name="Tabla2.A1" style:family="table-cell"><style:table-cell-properties fo:padding="0.0382in" fo:border="none"/></style:style><style:style style:name="P1" style:family="paragraph" style:parent-style-name="Footer"><style:paragraph-properties fo:text-align="end" style:justify-single-word="false"/></style:style><style:style style:name="P2" style:family="paragraph" style:parent-style-name="Preformatted_20_Text"><style:paragraph-properties fo:margin-top="0.0783in" fo:margin-bottom="0.0398in" loext:contextual-spacing="false" fo:line-height="0.2362in" fo:text-align="justify" style:justify-single-word="false"/><style:text-properties style:font-name="Times new roman" fo:font-size="11pt" style:text-underline-style="none" officeooo:rsid="001c3dc8" officeooo:paragraph-rsid="0029fec9" style:font-size-asian="11pt" style:font-size-complex="11pt"/></style:style><style:style style:name="P3" style:family="paragraph" style:parent-style-name="Preformatted_20_Text"><style:paragraph-properties fo:margin-top="0.0783in" fo:margin-bottom="0.0398in" loext:contextual-spacing="false" fo:line-height="0.2362in" fo:text-align="justify" style:justify-single-word="false"/><style:text-properties fo:color="#000000" style:font-name="Times new roman" fo:font-size="11pt" style:text-underline-style="none" officeooo:rsid="0029fec9" officeooo:paragraph-rsid="0029fec9" style:font-size-asian="11pt" style:font-size-complex="11pt"/></style:style><style:style style:name="P4" style:family="paragraph" style:parent-style-name="Preformatted_20_Text"><style:paragraph-properties fo:margin-top="0.0783in" fo:margin-bottom="0.0398in" loext:contextual-spacing="false" fo:line-height="0.2362in" fo:text-align="justify" style:justify-single-word="false"/><style:text-properties officeooo:paragraph-rsid="00332e8d"/></style:style><style:style style:name="P5" style:family="paragraph" style:parent-style-name="Table_20_Contents"><style:paragraph-properties fo:text-align="justify" style:justify-single-word="false"/><style:text-properties style:font-name="Times new roman" fo:font-size="12pt" style:font-name-asian="DejaVu Sans Mono" style:font-size-asian="12pt" style:font-name-complex="Lohit Hindi2" style:font-size-complex="12pt"/></style:style><style:style style:name="P6" style:family="paragraph" style:parent-style-name="Table_20_Contents"><style:paragraph-properties fo:text-align="center" style:justify-single-word="false"/><style:text-properties style:font-name="Times new roman" fo:font-size="12pt" officeooo:rsid="002ae97e" officeooo:paragraph-rsid="002ae97e" style:font-name-asian="DejaVu Sans Mono" style:font-size-asian="12pt" style:font-name-complex="Lohit Hindi2" style:font-size-complex="12pt"/></style:style><style:style style:name="P7" style:family="paragraph" style:parent-style-name="Table_20_Contents"><style:paragraph-properties fo:text-align="center" style:justify-single-word="false"/><style:text-properties style:font-name="Times new roman" fo:font-size="10pt" officeooo:rsid="002ae97e" officeooo:paragraph-rsid="002ae97e" style:font-name-asian="DejaVu Sans Mono" style:font-size-asian="10pt" style:font-name-complex="Lohit Hindi2" style:font-size-complex="10pt"/></style:style><style:style style:name="P8" style:family="paragraph" style:parent-style-name="Table_20_Contents"><style:text-properties style:font-name="Times new roman" fo:font-size="11pt" style:font-name-asian="DejaVu Sans Mono" style:font-size-asian="11pt" style:font-name-complex="Lohit Hindi2" style:font-size-complex="11pt"/></style:style><style:style style:name="P9" style:family="paragraph" style:parent-style-name="Table_20_Contents"><style:text-properties style:font-name="Times new roman" fo:font-size="11pt" officeooo:paragraph-rsid="002ae97e" style:font-name-asian="DejaVu Sans Mono" style:font-size-asian="11pt" style:font-name-complex="Lohit Hindi2" style:font-size-complex="11pt"/></style:style><style:style style:name="P10" style:family="paragraph" style:parent-style-name="Table_20_Contents"><style:text-properties fo:font-size="11pt" officeooo:paragraph-rsid="007d8d42" style:font-size-asian="11pt" style:font-size-complex="11pt"/></style:style><style:style style:name="P11" style:family="paragraph" style:parent-style-name="Table_20_Contents"><style:text-properties fo:font-size="11pt" officeooo:rsid="002ae97e" officeooo:paragraph-rsid="007d8d42" style:font-size-asian="11pt" style:font-size-complex="11pt"/></style:style><style:style style:name="P12" style:family="paragraph" style:parent-style-name="Table_20_Contents"><style:text-properties style:font-name="Times new roman" fo:font-size="11pt" officeooo:rsid="007d8d42" officeooo:paragraph-rsid="007d8d42" style:font-name-asian="DejaVu Sans Mono" style:font-size-asian="11pt" style:font-name-complex="Lohit Hindi2" style:font-size-complex="11pt"/></style:style><style:style style:name="P13" style:family="paragraph" style:parent-style-name="Preformatted_20_Text" style:list-style-name="L1"><style:paragraph-properties fo:margin-top="0.0783in" fo:margin-bottom="0.0398in" loext:contextual-spacing="false" fo:line-height="0.2362in" fo:text-align="justify" style:justify-single-word="false"/><style:text-properties style:font-name="Times new roman" fo:font-size="11pt" style:text-underline-style="none" officeooo:rsid="001c3dc8" officeooo:paragraph-rsid="0029fec9" style:font-size-asian="11pt" style:font-size-complex="11pt"/></style:style><style:style style:name="T1" style:family="text"><style:text-properties fo:color="#000000"/></style:style><style:style style:name="T2" style:family="text"><style:text-properties fo:color="#000000" officeooo:rsid="0029fec9"/></style:style><style:style style:name="T3" style:family="text"><style:text-properties fo:color="#000000" officeooo:rsid="002ae97e"/></style:style><style:style style:name="T4" style:family="text"><style:text-properties fo:color="#000000" style:text-outline="false" style:text-line-through-style="none" style:text-line-through-type="none" style:font-name="Times new roman" fo:font-size="11pt" fo:font-style="normal" fo:text-shadow="none" style:text-underline-style="none" fo:font-weight="bold" officeooo:rsid="007d8d42" style:font-size-asian="11pt" style:font-style-asian="normal" style:font-weight-asian="bold" style:font-size-complex="11pt" style:font-weight-complex="bold" style:text-emphasize="none"/></style:style><style:style style:name="T5" style:family="text"><style:text-properties fo:color="#000000" style:font-name="Times new roman" fo:font-size="11pt" style:text-underline-style="none" officeooo:rsid="001c3dc8" style:font-size-asian="11pt" style:font-size-complex="11pt"/></style:style><style:style style:name="T6" style:family="text"><style:text-properties fo:color="#000000" style:font-name="Times new roman" fo:font-size="11pt" style:text-underline-style="none" officeooo:rsid="0029fec9" style:font-size-asian="11pt" style:font-size-complex="11pt"/></style:style><style:style style:name="T7" style:family="text"><style:text-properties fo:color="#000000" style:font-name="Times new roman" fo:font-size="11pt" style:text-underline-style="none" fo:font-weight="bold" officeooo:rsid="007d8d42" style:font-size-asian="11pt" style:font-weight-asian="bold" style:font-size-complex="11pt" style:font-weight-complex="bold"/></style:style><style:style style:name="T8" style:family="text"><style:text-properties fo:color="#000000" style:font-name="Times new roman" style:text-underline-style="none" officeooo:rsid="007d8d42" style:font-name-asian="DejaVu Sans Mono" style:font-name-complex="Lohit Hindi2"/></style:style><style:style style:name="T9" style:family="text"><style:text-properties fo:color="#000000" officeooo:rsid="002b9b66"/></style:style><style:style style:name="T10" style:family="text"><style:text-properties fo:color="#000000" officeooo:rsid="002d5f4e"/></style:style><style:style style:name="T11" style:family="text"><style:text-properties fo:color="#000000" officeooo:rsid="0037d05f"/></style:style><style:style style:name="T12" style:family="text"><style:text-properties fo:color="#000000" officeooo:rsid="007d8d42"/></style:style><style:style style:name="T13" style:family="text"><style:text-properties fo:color="#800000" style:font-name="Times new roman" fo:font-size="11pt" style:text-underline-style="none" officeooo:rsid="0029fec9" style:font-size-asian="11pt" style:font-size-complex="11pt"/></style:style><style:style style:name="T14" style:family="text"><style:text-properties style:font-name="Times new roman" style:font-name-asian="DejaVu Sans Mono" style:font-name-complex="Lohit Hindi2"/></style:style><style:style style:name="T15" style:family="text"><style:text-properties style:font-name="Times new roman" officeooo:rsid="002ae97e" style:font-name-asian="DejaVu Sans Mono" style:font-name-complex="Lohit Hindi2"/></style:style><style:style style:name="fr1" style:family="graphic" style:parent-style-name="Graphics"><style:graphic-properties style:horizontal-pos="center" style:horizontal-rel="paragraph" style:mirror="none" fo:clip="rect(0in, 0in, 0in, 0in)" draw:luminance="0%" draw:contrast="0%" draw:red="0%" draw:green="0%" draw:blue="0%" draw:gamma="100%" draw:color-inversion="false" draw:image-opacity="100%" draw:color-mode="standard"/></style:style><text:list-style style:name="L1"><text:list-level-style-number text:level="1" text:style-name="Numbering_20_Symbols" style:num-suffix="." style:num-format="1"><style:list-level-properties text:list-level-position-and-space-mode="label-alignment"><style:list-level-label-alignment text:label-followed-by="listtab" text:list-tab-stop-position="0.5in" fo:text-indent="-0.25in" fo:margin-left="0.5in"/></style:list-level-properties></text:list-level-style-number><text:list-level-style-number text:level="2" text:style-name="Numbering_20_Symbols" style:num-suffix="." style:num-format="1"><style:list-level-properties text:list-level-position-and-space-mode="label-alignment"><style:list-level-label-alignment text:label-followed-by="listtab" text:list-tab-stop-position="0.75in" fo:text-indent="-0.25in" fo:margin-left="0.75in"/></style:list-level-properties></text:list-level-style-number><text:list-level-style-number text:level="3" text:style-name="Numbering_20_Symbols" style:num-suffix="." style:num-format="1"><style:list-level-properties text:list-level-position-and-space-mode="label-alignment"><style:list-level-label-alignment text:label-followed-by="listtab" text:list-tab-stop-position="1in" fo:text-indent="-0.25in" fo:margin-left="1in"/></style:list-level-properties></text:list-level-style-number><text:list-level-style-number text:level="4" text:style-name="Numbering_20_Symbols" style:num-suffix="." style:num-format="1"><style:list-level-properties text:list-level-position-and-space-mode="label-alignment"><style:list-level-label-alignment text:label-followed-by="listtab" text:list-tab-stop-position="1.25in" fo:text-indent="-0.25in" fo:margin-left="1.25in"/></style:list-level-properties></text:list-level-style-number><text:list-level-style-number text:level="5" text:style-name="Numbering_20_Symbols" style:num-suffix="." style:num-format="1"><style:list-level-properties text:list-level-position-and-space-mode="label-alignment"><style:list-level-label-alignment text:label-followed-by="listtab" text:list-tab-stop-position="1.5in" fo:text-indent="-0.25in" fo:margin-left="1.5in"/></style:list-level-properties></text:list-level-style-number><text:list-level-style-number text:level="6" text:style-name="Numbering_20_Symbols" style:num-suffix="." style:num-format="1"><style:list-level-properties text:list-level-position-and-space-mode="label-alignment"><style:list-level-label-alignment text:label-followed-by="listtab" text:list-tab-stop-position="1.75in" fo:text-indent="-0.25in" fo:margin-left="1.75in"/></style:list-level-properties></text:list-level-style-number><text:list-level-style-number text:level="7" text:style-name="Numbering_20_Symbols" style:num-suffix="." style:num-format="1"><style:list-level-properties text:list-level-position-and-space-mode="label-alignment"><style:list-level-label-alignment text:label-followed-by="listtab" text:list-tab-stop-position="2in" fo:text-indent="-0.25in" fo:margin-left="2in"/></style:list-level-properties></text:list-level-style-number><text:list-level-style-number text:level="8" text:style-name="Numbering_20_Symbols" style:num-suffix="." style:num-format="1"><style:list-level-properties text:list-level-position-and-space-mode="label-alignment"><style:list-level-label-alignment text:label-followed-by="listtab" text:list-tab-stop-position="2.25in" fo:text-indent="-0.25in" fo:margin-left="2.25in"/></style:list-level-properties></text:list-level-style-number><text:list-level-style-number text:level="9" text:style-name="Numbering_20_Symbols" style:num-suffix="." style:num-format="1"><style:list-level-properties text:list-level-position-and-space-mode="label-alignment"><style:list-level-label-alignment text:label-followed-by="listtab" text:list-tab-stop-position="2.5in" fo:text-indent="-0.25in" fo:margin-left="2.5in"/></style:list-level-properties></text:list-level-style-number><text:list-level-style-number text:level="10" text:style-name="Numbering_20_Symbols" style:num-suffix="." style:num-format="1"><style:list-level-properties text:list-level-position-and-space-mode="label-alignment"><style:list-level-label-alignment text:label-followed-by="listtab" text:list-tab-stop-position="2.75in" fo:text-indent="-0.25in" fo:margin-left="2.75in"/></style:list-level-properties></text:list-level-style-number></text:list-style></office:automatic-styles><office:body><office:text text:use-soft-page-breaks="true"><text:sequence-decls><text:sequence-decl text:display-outline-level="0" text:name="Illustration"/><text:sequence-decl text:display-outline-level="0" text:name="Table"/><text:sequence-decl text:display-outline-level="0" text:name="Text"/><text:sequence-decl text:display-outline-level="0" text:name="Drawing"/><text:sequence-decl text:display-outline-level="0" text:name="Fig1."/></text:sequence-decls><table:table table:name="Tabla1" table:style-name="Tabla1"><table:table-column table:style-name="Tabla1.A"/><table:table-column table:style-name="Tabla1.B"/><table:table-column table:style-name="Tabla1.C"/><table:table-row table:style-name="Tabla1.1"><table:table-cell table:style-name="Tabla1.A1" office:value-type="string"><text:p text:style-name="P5"><draw:frame draw:style-name="fr1" draw:name="gráficos1" text:anchor-type="paragraph" svg:width="0.8228in" svg:height="0.8228in" draw:z-index="0"><draw:image xlink:href="Pictures/10000200000000EF000000EF8605FC5099F277AF.png" xlink:type="simple" xlink:show="embed" xlink:actuate="onLoad"/></draw:frame></text:p></table:table-cell><table:table-cell table:style-name="Tabla1.A1" office:value-type="string"><text:p text:style-name="P7"/><text:p text:style-name="P7">UNIVERSIDAD CENTRAL DE VENEZUELA</text:p><text:p text:style-name="P7">FACULTAD DE CIENCIAS</text:p><text:p text:style-name="P7">ESCUELA DE FÍSICA</text:p></table:table-cell><table:table-cell table:style-name="Tabla1.A1" office:value-type="string"><text:p text:style-name="P5"><draw:frame draw:style-name="fr1" draw:name="gráficos2" text:anchor-type="paragraph" svg:width="1.2508in" svg:height="0.7417in" draw:z-index="1"><draw:image xlink:href="Pictures/10000201000001F80000012BC34082C594BBE016.png" xlink:type="simple" xlink:show="embed" xlink:actuate="onLoad"/></draw:frame></text:p></table:table-cell></table:table-row><table:table-row table:style-name="Tabla1.1"><table:table-cell table:style-name="Tabla1.A1" office:value-type="string"><text:p text:style-name="P5"/></table:table-cell><table:table-cell table:style-name="Tabla1.A1" office:value-type="string"><text:p text:style-name="P6">VEREDICTO</text:p></table:table-cell><table:table-cell table:style-name="Tabla1.A1" office:value-type="string"><text:p text:style-name="P5"/></table:table-cell></table:table-row></table:table><text:p text:style-name="P4"><text:span text:style-name="T5">Quienes suscriben, miembros del Jurado designado por el Consejo de la Escuela de F</text:span><text:span text:style-name="T13">í</text:span><text:span text:style-name="T5">sica de la Facultad de Ciencias de la Universidad Central de Venezuela, para examinar el Trabajo Especial de Grado presentado por </text:span><text:span text:style-name="T4">XXX_NOMBRE_ESTUDIANTE_XXX</text:span><text:span text:style-name="T5">, C</text:span><text:span text:style-name="T6">é</text:span><text:span text:style-name="T5">dula de Identidad </text:span><text:span text:style-name="T7">XXX_CEDULA_ESTUDIANTE_XXX</text:span><text:span text:style-name="T5">, bajo el </text:span><text:span text:style-name="T6">tí</text:span><text:span text:style-name="T5">tulo </text:span><text:span text:style-name="T4">XXX_TITULO_TEG_XXX</text:span><text:span text:style-name="T5">, a los fines de cumplir con el requisito legal para optar al grado de </text:span><text:span text:style-name="T7">XXX_TITULO_QUE_ASPIRA_XXX</text:span><text:span text:style-name="T5">, dejan constancia de lo siguiente: </text:span></text:p><text:list xml:id="list7226823717123723007" text:style-name="L1"><text:list-item><text:p text:style-name="P13"><text:span text:style-name="T1">Le</text:span><text:span text:style-name="T2">í</text:span><text:span text:style-name="T1">do como fue dicho trabajo por cada uno de los miembros del Jurado, </text:span><text:span text:style-name="T2">é</text:span><text:span text:style-name="T1">ste fij</text:span><text:span text:style-name="T2">ó</text:span><text:span text:style-name="T1"> el d</text:span><text:span text:style-name="T2">í</text:span><text:span text:style-name="T1">a </text:span><text:span text:style-name="T12">XXX_DIA_DEFENSA_XXX</text:span><text:span text:style-name="T9"> de </text:span><text:span text:style-name="T12">XXX_MES_DEFENSA_XXX</text:span><text:span text:style-name="T9"> de </text:span><text:span text:style-name="T12">XXX_ANHO_DEFENSA_XXX</text:span><text:span text:style-name="T1">, a </text:span><text:span text:style-name="T12">XXX_HORA_DEFENSA_XXX</text:span><text:span text:style-name="T1">, para que el autor lo defendiera en forma p</text:span><text:span text:style-name="T2">ú</text:span><text:span text:style-name="T1">blica, lo que </text:span><text:span text:style-name="T2">é</text:span><text:span text:style-name="T1">ste hizo en </text:span><text:span text:style-name="T12">XXX_LUGAR_DEFENSA_XXX</text:span><text:span text:style-name="T1">, mediante un resumen oral de su contenido, luego de lo cual respondi</text:span><text:span text:style-name="T2">ó</text:span><text:span text:style-name="T1"> satisfactoriamente a las preguntas que le fueron formuladas por el jurado; todo ello conforme a los art</text:span><text:span text:style-name="T2">í</text:span><text:span text:style-name="T1">culos 20, 21, 22, 25, 26 y 28 de la Normativa de Trabajo Especial de Grado de la Licenciatura en F</text:span><text:span text:style-name="T2">í</text:span><text:span text:style-name="T1">sica de la Facultad de Ciencias de la UCV vigente.</text:span></text:p></text:list-item><text:list-item><text:p text:style-name="P13"><text:span text:style-name="T1">Finalizada la defensa p</text:span><text:span text:style-name="T2">ú</text:span><text:span text:style-name="T1">blica del trabajo, el jurado decidi</text:span><text:span text:style-name="T2">ó</text:span><text:span text:style-name="T1"> </text:span><text:span text:style-name="T10">declararlo </text:span><text:span text:style-name="T1">aproba</text:span><text:span text:style-name="T10">do</text:span><text:span text:style-name="T1"> por considerar que se ajusta a lo dispuesto y exigido en la Normativa de Trabajo Especial de Grado de la Licenciatura en F</text:span><text:span text:style-name="T2">í</text:span><text:span text:style-name="T1">sica de la Facultad de Ciencias de la UCV vigente en sus art</text:span><text:span text:style-name="T2">í</text:span><text:span text:style-name="T1">culos 1, 5 y 6.</text:span></text:p></text:list-item></text:list><text:p text:style-name="P2"><text:span text:style-name="T10">S</text:span><text:span text:style-name="T1">e levanta la presente acta </text:span><text:span text:style-name="T3">a los </text:span><text:span text:style-name="T12">XXX_DIA_ACTA_XXX</text:span><text:span text:style-name="T3"> días del mes de </text:span><text:span text:style-name="T12">XXX_MES_ACTA_XXX</text:span><text:span text:style-name="T3"> de </text:span><text:span text:style-name="T12">XXX_ANHO_ACTA_XXX</text:span><text:span text:style-name="T1">, dej</text:span><text:span text:style-name="T2">á</text:span><text:span text:style-name="T1">ndose tambi</text:span><text:span text:style-name="T2">é</text:span><text:span text:style-name="T1">n constancia de que, conforme a la normativa jur</text:span><text:span text:style-name="T2">í</text:span><text:span text:style-name="T1">dica vigente, actu</text:span><text:span text:style-name="T2">ó</text:span><text:span text:style-name="T1"> como </text:span><text:span text:style-name="T12">XXX_COORDINADOR_A_JURADO_XXX</text:span><text:span text:style-name="T2"> del jurado </text:span><text:span text:style-name="T12">XXX_EL_LA_TUTOR_A_XXX</text:span><text:span text:style-name="T2"> del </text:span><text:span text:style-name="T10">T</text:span><text:span text:style-name="T2">rabajo </text:span><text:span text:style-name="T10">E</text:span><text:span text:style-name="T2">special de </text:span><text:span text:style-name="T10">G</text:span><text:span text:style-name="T2">rado </text:span><text:span text:style-name="T12">XXX_TITULO_TUTOR_XXX</text:span><text:span text:style-name="T9"> </text:span><text:span text:style-name="T12">XXX_NOMBRE_TUTOR_XXX</text:span><text:span text:style-name="T11">.</text:span></text:p><text:p text:style-name="P3">Firma del jurado evaluador</text:p><table:table table:name="Tabla2" table:style-name="Tabla2"><table:table-column table:style-name="Tabla2.A" table:number-columns-repeated="3"/><table:table-row><table:table-cell table:style-name="Tabla2.A1" office:value-type="string"><text:p text:style-name="P9"/><text:p text:style-name="P9">__________________________</text:p><text:p text:style-name="P10"><text:span text:style-name="T8">XXX_TITULO_JURADO_1_XXX</text:span><text:span text:style-name="T15"> <text:s/></text:span><text:span text:style-name="T8">XXX_NOMBRE_JURADO_1_XXX</text:span></text:p><text:p text:style-name="P12">XXX_ADSCRIPCION_JURAD<text:soft-page-break/>O_1_XXX</text:p></table:table-cell><table:table-cell table:style-name="Tabla2.A1" office:value-type="string"><text:p text:style-name="P8"/></table:table-cell><table:table-cell table:style-name="Tabla2.A1" office:value-type="string"><text:p text:style-name="P9"/><text:p text:style-name="P9">__________________________</text:p><text:p text:style-name="P11"><text:span text:style-name="T8">XXX_TITULO_JURADO_2_XXX</text:span><text:span text:style-name="T14"> <text:s/></text:span><text:span text:style-name="T8">XXX_NOMBRE_JURADO_2_XXX</text:span></text:p><text:p text:style-name="P12">XXX_ADSCRIPCION_JURAD<text:soft-page-break/>O_1_XXX</text:p></table:table-cell></table:table-row><table:table-row><table:table-cell table:style-name="Tabla2.A1" office:value-type="string"><text:p text:style-name="P8"/></table:table-cell><table:table-cell table:style-name="Tabla2.A1" office:value-type="string"><text:p text:style-name="P9">__________________________</text:p><text:p text:style-name="P10"><text:span text:style-name="T8">XXX_TITULO_TUTOR_XXX</text:span><text:span text:style-name="T15"> <text:s/></text:span><text:span text:style-name="T8">XXX_NOMBRE_TUTOR_XXX</text:span></text:p><text:p text:style-name="P12">XXX_ADSCRIPCION_TUTOR_XXX</text:p></table:table-cell><table:table-cell table:style-name="Tabla2.A1" office:value-type="string"><text:p text:style-name="P8"/></table:table-cell></table:table-row></table:table><text:p text:style-name="Preformatted_20_Text"/></office:text></office:body></office:document-content>