<?xml version="1.0" encoding="UTF-8"?>
<office:document-meta xmlns:office="urn:oasis:names:tc:opendocument:xmlns:office:1.0" xmlns:xlink="http://www.w3.org/1999/xlink" xmlns:dc="http://purl.org/dc/elements/1.1/" xmlns:meta="urn:oasis:names:tc:opendocument:xmlns:meta:1.0" xmlns:ooo="http://openoffice.org/2004/office" xmlns:grddl="http://www.w3.org/2003/g/data-view#" office:version="1.2"><office:meta><meta:initial-creator>Jose Lopez</meta:initial-creator><meta:creation-date>2014-07-01T10:39:01.616728874</meta:creation-date><dc:date>2020-09-09T11:22:16.693171366</dc:date><meta:editing-duration>PT9H40M15S</meta:editing-duration><meta:editing-cycles>63</meta:editing-cycles><meta:generator>LibreOffice/5.1.6.2$Linux_X86_64 LibreOffice_project/10m0$Build-2</meta:generator><meta:document-statistic meta:table-count="2" meta:image-count="2" meta:object-count="0" meta:page-count="2" meta:paragraph-count="18" meta:word-count="278" meta:character-count="2061" meta:non-whitespace-character-count="1799"/></office:meta></office:document-meta>