<?xml version="1.0" encoding="UTF-8"?>
<office:document-styles xmlns:office="urn:oasis:names:tc:opendocument:xmlns:office:1.0" xmlns:style="urn:oasis:names:tc:opendocument:xmlns:style:1.0" xmlns:text="urn:oasis:names:tc:opendocument:xmlns:text:1.0" xmlns:table="urn:oasis:names:tc:opendocument:xmlns:table:1.0" xmlns:draw="urn:oasis:names:tc:opendocument:xmlns:drawing:1.0" xmlns:fo="urn:oasis:names:tc:opendocument:xmlns:xsl-fo-compatible:1.0" xmlns:xlink="http://www.w3.org/1999/xlink" xmlns:dc="http://purl.org/dc/elements/1.1/" xmlns:meta="urn:oasis:names:tc:opendocument:xmlns:meta:1.0" xmlns:number="urn:oasis:names:tc:opendocument:xmlns:datastyle:1.0" xmlns:svg="urn:oasis:names:tc:opendocument:xmlns:svg-compatible:1.0" xmlns:chart="urn:oasis:names:tc:opendocument:xmlns:chart:1.0" xmlns:dr3d="urn:oasis:names:tc:opendocument:xmlns:dr3d:1.0" xmlns:math="http://www.w3.org/1998/Math/MathML" xmlns:form="urn:oasis:names:tc:opendocument:xmlns:form:1.0" xmlns:script="urn:oasis:names:tc:opendocument:xmlns:script:1.0" xmlns:ooo="http://openoffice.org/2004/office" xmlns:ooow="http://openoffice.org/2004/writer" xmlns:oooc="http://openoffice.org/2004/calc" xmlns:dom="http://www.w3.org/2001/xml-events" xmlns:rpt="http://openoffice.org/2005/report" xmlns:of="urn:oasis:names:tc:opendocument:xmlns:of:1.2" xmlns:xhtml="http://www.w3.org/1999/xhtml" xmlns:grddl="http://www.w3.org/2003/g/data-view#" xmlns:officeooo="http://openoffice.org/2009/office" xmlns:tableooo="http://openoffice.org/2009/table" xmlns:drawooo="http://openoffice.org/2010/draw" xmlns:calcext="urn:org:documentfoundation:names:experimental:calc:xmlns:calcext:1.0" xmlns:loext="urn:org:documentfoundation:names:experimental:office:xmlns:loext:1.0" xmlns:field="urn:openoffice:names:experimental:ooo-ms-interop:xmlns:field:1.0" xmlns:css3t="http://www.w3.org/TR/css3-text/" office:version="1.2"><office:font-face-decls><style:font-face style:name="OpenSymbol" svg:font-family="OpenSymbol" style:font-charset="x-symbol"/><style:font-face style:name="Lohit Hindi1" svg:font-family="&apos;Lohit Hindi&apos;"/><style:font-face style:name="Times new roman" svg:font-family="&apos;Times new roman&apos;" style:font-family-generic="roman"/><style:font-face style:name="DejaVu Sans Mono" svg:font-family="&apos;DejaVu Sans Mono&apos;" style:font-family-generic="modern" style:font-pitch="fixed"/><style:font-face style:name="Lohit Hindi2" svg:font-family="&apos;Lohit Hindi&apos;" style:font-family-generic="modern" style:font-pitch="fixed"/><style:font-face style:name="Liberation Serif" svg:font-family="&apos;Liberation Serif&apos;" style:font-family-generic="roman" style:font-pitch="variable"/><style:font-face style:name="Liberation Sans" svg:font-family="&apos;Liberation Sans&apos;" style:font-family-generic="swiss" style:font-pitch="variable"/><style:font-face style:name="DejaVu Sans" svg:font-family="&apos;DejaVu Sans&apos;" style:font-family-generic="system" style:font-pitch="variable"/><style:font-face style:name="Lohit Hindi" svg:font-family="&apos;Lohit Hindi&apos;" style:font-family-generic="system" style:font-pitch="variable"/></office:font-face-decls><office:styles><style:default-style style:family="graphic"><style:graphic-properties svg:stroke-color="#3465af" draw:fill-color="#729fcf" fo:wrap-option="no-wrap" draw:shadow-offset-x="0.1181in" draw:shadow-offset-y="0.1181in" draw:start-line-spacing-horizontal="0.1114in" draw:start-line-spacing-vertical="0.1114in" draw:end-line-spacing-horizontal="0.1114in" draw:end-line-spacing-vertical="0.1114in" style:flow-with-text="false"/><style:paragraph-properties style:text-autospace="ideograph-alpha" style:line-break="strict" style:writing-mode="lr-tb" style:font-independent-line-spacing="false"><style:tab-stops/></style:paragraph-properties><style:text-properties style:use-window-font-color="true" style:font-name="Liberation Serif" fo:font-size="12pt" fo:language="es" fo:country="VE" style:letter-kerning="true" style:font-name-asian="DejaVu Sans" style:font-size-asian="10.5pt" style:language-asian="zh" style:country-asian="CN" style:font-name-complex="Lohit Hindi" style:font-size-complex="12pt" style:language-complex="hi" style:country-complex="IN"/></style:default-style><style:default-style style:family="paragraph"><style:paragraph-properties fo:hyphenation-ladder-count="no-limit" style:text-autospace="ideograph-alpha" style:punctuation-wrap="hanging" style:line-break="strict" style:tab-stop-distance="0.2835in" style:writing-mode="page"/><style:text-properties style:use-window-font-color="true" style:font-name="Liberation Serif" fo:font-size="12pt" fo:language="es" fo:country="VE" style:letter-kerning="true" style:font-name-asian="DejaVu Sans" style:font-size-asian="10.5pt" style:language-asian="zh" style:country-asian="CN" style:font-name-complex="Lohit Hindi" style:font-size-complex="12pt" style:language-complex="hi" style:country-complex="IN" fo:hyphenate="false" fo:hyphenation-remain-char-count="2" fo:hyphenation-push-char-count="2"/></style:default-style><style:default-style style:family="table"><style:table-properties table:border-model="collapsing"/></style:default-style><style:default-style style:family="table-row"><style:table-row-properties fo:keep-together="auto"/></style:default-style><style:style style:name="Standard" style:family="paragraph" style:class="text"/><style:style style:name="Heading" style:family="paragraph" style:parent-style-name="Standard" style:next-style-name="Text_20_body" style:class="text"><style:paragraph-properties fo:margin-top="0.1665in" fo:margin-bottom="0.0835in" loext:contextual-spacing="false" fo:keep-with-next="always"/><style:text-properties style:font-name="Liberation Sans" fo:font-family="&apos;Liberation Sans&apos;" style:font-family-generic="swiss" style:font-pitch="variable" fo:font-size="14pt" style:font-name-asian="DejaVu Sans" style:font-family-asian="&apos;DejaVu Sans&apos;" style:font-family-generic-asian="system" style:font-pitch-asian="variable" style:font-size-asian="14pt" style:font-name-complex="Lohit Hindi" style:font-family-complex="&apos;Lohit Hindi&apos;" style:font-family-generic-complex="system" style:font-pitch-complex="variable" style:font-size-complex="14pt"/></style:style><style:style style:name="Text_20_body" style:display-name="Text body" style:family="paragraph" style:parent-style-name="Standard" style:class="text"><style:paragraph-properties fo:margin-top="0in" fo:margin-bottom="0.0835in" loext:contextual-spacing="false"/></style:style><style:style style:name="List" style:family="paragraph" style:parent-style-name="Text_20_body" style:class="list"><style:text-properties style:font-size-asian="12pt" style:font-name-complex="Lohit Hindi1" style:font-family-complex="&apos;Lohit Hindi&apos;"/></style:style><style:style style:name="Caption" style:family="paragraph" style:parent-style-name="Standard" style:class="extra"><style:paragraph-properties fo:margin-top="0.0835in" fo:margin-bottom="0.0835in" loext:contextual-spacing="false" text:number-lines="false" text:line-number="0"/><style:text-properties fo:font-size="12pt" fo:font-style="italic" style:font-size-asian="12pt" style:font-style-asian="italic" style:font-name-complex="Lohit Hindi1" style:font-family-complex="&apos;Lohit Hindi&apos;" style:font-size-complex="12pt" style:font-style-complex="italic"/></style:style><style:style style:name="Index" style:family="paragraph" style:parent-style-name="Standard" style:class="index"><style:paragraph-properties text:number-lines="false" text:line-number="0"/><style:text-properties style:font-size-asian="12pt" style:font-name-complex="Lohit Hindi1" style:font-family-complex="&apos;Lohit Hindi&apos;"/></style:style><style:style style:name="Quotations" style:family="paragraph" style:parent-style-name="Standard" style:class="html"><style:paragraph-properties fo:margin-left="0.3937in" fo:margin-right="0.3937in" fo:margin-top="0in" fo:margin-bottom="0.1965in" loext:contextual-spacing="false" fo:text-indent="0in" style:auto-text-indent="false"/></style:style><style:style style:name="Title" style:family="paragraph" style:parent-style-name="Heading" style:next-style-name="Text_20_body" style:class="chapter"><style:paragraph-properties fo:text-align="center" style:justify-single-word="false"/><style:text-properties fo:font-size="18pt" fo:font-weight="bold" style:font-size-asian="18pt" style:font-weight-asian="bold" style:font-size-complex="18pt" style:font-weight-complex="bold"/></style:style><style:style style:name="Subtitle" style:family="paragraph" style:parent-style-name="Heading" style:next-style-name="Text_20_body" style:class="chapter"><style:paragraph-properties fo:text-align="center" style:justify-single-word="false"/><style:text-properties fo:font-size="14pt" fo:font-style="italic" style:font-size-asian="14pt" style:font-style-asian="italic" style:font-size-complex="14pt" style:font-style-complex="italic"/></style:style><style:style style:name="Heading_20_1" style:display-name="Heading 1" style:family="paragraph" style:parent-style-name="Heading" style:next-style-name="Text_20_body" style:default-outline-level="1" style:class="text"><style:text-properties fo:font-size="115%" fo:font-weight="bold" style:font-size-asian="115%" style:font-weight-asian="bold" style:font-size-complex="115%" style:font-weight-complex="bold"/></style:style><style:style style:name="Heading_20_2" style:display-name="Heading 2" style:family="paragraph" style:parent-style-name="Heading" style:next-style-name="Text_20_body" style:default-outline-level="2" style:class="text"><style:text-properties fo:font-size="14pt" fo:font-style="italic" fo:font-weight="bold" style:font-size-asian="14pt" style:font-style-asian="italic" style:font-weight-asian="bold" style:font-size-complex="14pt" style:font-style-complex="italic" style:font-weight-complex="bold"/></style:style><style:style style:name="Heading_20_3" style:display-name="Heading 3" style:family="paragraph" style:parent-style-name="Heading" style:next-style-name="Text_20_body" style:default-outline-level="3" style:class="text"><style:text-properties fo:font-size="14pt" fo:font-weight="bold" style:font-size-asian="14pt" style:font-weight-asian="bold" style:font-size-complex="14pt" style:font-weight-complex="bold"/></style:style><style:style style:name="Footer" style:family="paragraph" style:parent-style-name="Standard" style:class="extra"><style:paragraph-properties text:number-lines="false" text:line-number="0"><style:tab-stops><style:tab-stop style:position="3.1673in" style:type="center"/><style:tab-stop style:position="6.3346in" style:type="right"/></style:tab-stops></style:paragraph-properties></style:style><style:style style:name="Frame_20_contents" style:display-name="Frame contents" style:family="paragraph" style:parent-style-name="Text_20_body" style:class="extra"/><style:style style:name="Footnote" style:family="paragraph" style:parent-style-name="Standard" style:class="extra"><style:paragraph-properties fo:margin-left="0.2354in" fo:margin-right="0in" fo:text-indent="-0.2354in" style:auto-text-indent="false" text:number-lines="false" text:line-number="0"/><style:text-properties fo:font-size="10pt" style:font-size-asian="10pt" style:font-size-complex="10pt"/></style:style><style:style style:name="Table_20_Contents" style:display-name="Table Contents" style:family="paragraph" style:parent-style-name="Standard" style:class="extra"><style:paragraph-properties text:number-lines="false" text:line-number="0"/></style:style><style:style style:name="Illustration" style:family="paragraph" style:parent-style-name="Caption" style:class="extra"/><style:style style:name="Fig1." style:family="paragraph" style:parent-style-name="Caption"/><style:style style:name="Contents_20_Heading" style:display-name="Contents Heading" style:family="paragraph" style:parent-style-name="Heading" style:class="index"><style:paragraph-properties fo:margin-left="0in" fo:margin-right="0in" fo:text-indent="0in" style:auto-text-indent="false" text:number-lines="false" text:line-number="0"/><style:text-properties fo:font-size="16pt" fo:font-weight="bold" style:font-size-asian="16pt" style:font-weight-asian="bold" style:font-size-complex="16pt" style:font-weight-complex="bold"/></style:style><style:style style:name="Contents_20_1" style:display-name="Contents 1" style:family="paragraph" style:parent-style-name="Index" style:class="index"><style:paragraph-properties fo:margin-left="0in" fo:margin-right="0in" fo:text-indent="0in" style:auto-text-indent="false"><style:tab-stops><style:tab-stop style:position="6.3346in" style:type="right" style:leader-style="dotted" style:leader-text="."/></style:tab-stops></style:paragraph-properties></style:style><style:style style:name="Contents_20_2" style:display-name="Contents 2" style:family="paragraph" style:parent-style-name="Index" style:class="index"><style:paragraph-properties fo:margin-left="0.1965in" fo:margin-right="0in" fo:text-indent="0in" style:auto-text-indent="false"><style:tab-stops><style:tab-stop style:position="6.1382in" style:type="right" style:leader-style="dotted" style:leader-text="."/></style:tab-stops></style:paragraph-properties></style:style><style:style style:name="Contents_20_3" style:display-name="Contents 3" style:family="paragraph" style:parent-style-name="Index" style:class="index"><style:paragraph-properties fo:margin-left="0.3929in" fo:margin-right="0in" fo:text-indent="0in" style:auto-text-indent="false"><style:tab-stops><style:tab-stop style:position="5.9417in" style:type="right" style:leader-style="dotted" style:leader-text="."/></style:tab-stops></style:paragraph-properties></style:style><style:style style:name="Preformatted_20_Text" style:display-name="Preformatted Text" style:family="paragraph" style:parent-style-name="Standard" style:class="html"><style:paragraph-properties fo:margin-top="0in" fo:margin-bottom="0in" loext:contextual-spacing="false"/><style:text-properties style:font-name="DejaVu Sans Mono" fo:font-family="&apos;DejaVu Sans Mono&apos;" style:font-family-generic="modern" style:font-pitch="fixed" fo:font-size="10pt" style:font-name-asian="DejaVu Sans Mono" style:font-family-asian="&apos;DejaVu Sans Mono&apos;" style:font-family-generic-asian="modern" style:font-pitch-asian="fixed" style:font-size-asian="10pt" style:font-name-complex="Lohit Hindi2" style:font-family-complex="&apos;Lohit Hindi&apos;" style:font-family-generic-complex="modern" style:font-pitch-complex="fixed" style:font-size-complex="10pt"/></style:style><style:style style:name="Table_20_Heading" style:display-name="Table Heading" style:family="paragraph" style:parent-style-name="Table_20_Contents" style:class="extra"><style:paragraph-properties fo:text-align="center" style:justify-single-word="false" text:number-lines="false" text:line-number="0"/><style:text-properties fo:font-weight="bold" style:font-weight-asian="bold" style:font-weight-complex="bold"/></style:style><style:style style:name="Bullet_20_Symbols" style:display-name="Bullet Symbols" style:family="text"><style:text-properties style:font-name="OpenSymbol" fo:font-family="OpenSymbol" style:font-charset="x-symbol" style:font-name-asian="OpenSymbol" style:font-family-asian="OpenSymbol" style:font-charset-asian="x-symbol" style:font-name-complex="OpenSymbol" style:font-family-complex="OpenSymbol" style:font-charset-complex="x-symbol"/></style:style><style:style style:name="Footnote_20_Symbol" style:display-name="Footnote Symbol" style:family="text"/><style:style style:name="Footnote_20_anchor" style:display-name="Footnote anchor" style:family="text"><style:text-properties style:text-position="super 58%"/></style:style><style:style style:name="Numbering_20_Symbols" style:display-name="Numbering Symbols" style:family="text"/><style:style style:name="Internet_20_link" style:display-name="Internet link" style:family="text"><style:text-properties fo:color="#000080" fo:language="zxx" fo:country="none" style:text-underline-style="solid" style:text-underline-width="auto" style:text-underline-color="font-color" style:language-asian="zxx" style:country-asian="none" style:language-complex="zxx" style:country-complex="none"/></style:style><style:style style:name="Index_20_Link" style:display-name="Index Link" style:family="text"/><style:style style:name="Graphics" style:family="graphic"><style:graphic-properties text:anchor-type="paragraph" svg:x="0in" svg:y="0in" style:wrap="dynamic" style:number-wrapped-paragraphs="no-limit" style:wrap-contour="false" style:vertical-pos="top" style:vertical-rel="paragraph" style:horizontal-pos="center" style:horizontal-rel="paragraph"/></style:style><style:style style:name="Frame" style:family="graphic"><style:graphic-properties text:anchor-type="paragraph" svg:x="0in" svg:y="0in" fo:margin-left="0.0791in" fo:margin-right="0.0791in" fo:margin-top="0.0791in" fo:margin-bottom="0.0791in" style:wrap="parallel" style:number-wrapped-paragraphs="no-limit" style:wrap-contour="false" style:vertical-pos="top" style:vertical-rel="paragraph-content" style:horizontal-pos="center" style:horizontal-rel="paragraph-content" fo:padding="0.0591in" fo:border="0.06pt solid #000000"/></style:style><style:style style:name="OLE" style:family="graphic"><style:graphic-properties text:anchor-type="paragraph" svg:x="0in" svg:y="0in" style:wrap="dynamic" style:number-wrapped-paragraphs="no-limit" style:wrap-contour="false" style:vertical-pos="top" style:vertical-rel="paragraph" style:horizontal-pos="center" style:horizontal-rel="paragraph"/></style:style><style:style style:name="Formula" style:family="graphic"><style:graphic-properties text:anchor-type="as-char" svg:y="0in" fo:margin-left="0.0791in" fo:margin-right="0.0791in" style:vertical-pos="middle" style:vertical-rel="text"/></style:style><text:outline-style style:name="Outline"><text:outline-level-style text:level="1" style:num-format=""><style:list-level-properties text:list-level-position-and-space-mode="label-alignment"><style:list-level-label-alignment text:label-followed-by="listtab" text:list-tab-stop-position="0.3in" fo:text-indent="-0.3in" fo:margin-left="0.3in"/></style:list-level-properties></text:outline-level-style><text:outline-level-style text:level="2" style:num-format=""><style:list-level-properties text:list-level-position-and-space-mode="label-alignment"><style:list-level-label-alignment text:label-followed-by="listtab" text:list-tab-stop-position="0.4in" fo:text-indent="-0.4in" fo:margin-left="0.4in"/></style:list-level-properties></text:outline-level-style><text:outline-level-style text:level="3" style:num-format=""><style:list-level-properties text:list-level-position-and-space-mode="label-alignment"><style:list-level-label-alignment text:label-followed-by="listtab" text:list-tab-stop-position="0.5in" fo:text-indent="-0.5in" fo:margin-left="0.5in"/></style:list-level-properties></text:outline-level-style><text:outline-level-style text:level="4" style:num-format=""><style:list-level-properties text:list-level-position-and-space-mode="label-alignment"><style:list-level-label-alignment text:label-followed-by="listtab" text:list-tab-stop-position="0.6in" fo:text-indent="-0.6in" fo:margin-left="0.6in"/></style:list-level-properties></text:outline-level-style><text:outline-level-style text:level="5" style:num-format=""><style:list-level-properties text:list-level-position-and-space-mode="label-alignment"><style:list-level-label-alignment text:label-followed-by="listtab" text:list-tab-stop-position="0.7in" fo:text-indent="-0.7in" fo:margin-left="0.7in"/></style:list-level-properties></text:outline-level-style><text:outline-level-style text:level="6" style:num-format=""><style:list-level-properties text:list-level-position-and-space-mode="label-alignment"><style:list-level-label-alignment text:label-followed-by="listtab" text:list-tab-stop-position="0.8in" fo:text-indent="-0.8in" fo:margin-left="0.8in"/></style:list-level-properties></text:outline-level-style><text:outline-level-style text:level="7" style:num-format=""><style:list-level-properties text:list-level-position-and-space-mode="label-alignment"><style:list-level-label-alignment text:label-followed-by="listtab" text:list-tab-stop-position="0.9in" fo:text-indent="-0.9in" fo:margin-left="0.9in"/></style:list-level-properties></text:outline-level-style><text:outline-level-style text:level="8" style:num-format=""><style:list-level-properties text:list-level-position-and-space-mode="label-alignment"><style:list-level-label-alignment text:label-followed-by="listtab" text:list-tab-stop-position="1in" fo:text-indent="-1in" fo:margin-left="1in"/></style:list-level-properties></text:outline-level-style><text:outline-level-style text:level="9" style:num-format=""><style:list-level-properties text:list-level-position-and-space-mode="label-alignment"><style:list-level-label-alignment text:label-followed-by="listtab" text:list-tab-stop-position="1.1in" fo:text-indent="-1.1in" fo:margin-left="1.1in"/></style:list-level-properties></text:outline-level-style><text:outline-level-style text:level="10" style:num-format=""><style:list-level-properties text:list-level-position-and-space-mode="label-alignment"><style:list-level-label-alignment text:label-followed-by="listtab" text:list-tab-stop-position="1.2in" fo:text-indent="-1.2in" fo:margin-left="1.2in"/></style:list-level-properties></text:outline-level-style></text:outline-style><text:notes-configuration text:note-class="footnote" text:citation-style-name="Footnote_20_Symbol" text:citation-body-style-name="Footnote_20_anchor" style:num-format="1" text:start-value="0" text:footnotes-position="page" text:start-numbering-at="document"/><text:notes-configuration text:note-class="endnote" style:num-format="i" text:start-value="0"/><text:linenumbering-configuration text:number-lines="false" text:offset="0.1965in" style:num-format="1" text:number-position="left" text:increment="5"/></office:styles><office:automatic-styles><style:style style:name="MP1" style:family="paragraph" style:parent-style-name="Footer"><style:paragraph-properties fo:text-align="end" style:justify-single-word="false"/></style:style><style:page-layout style:name="Mpm1" style:page-usage="mirrored"><style:page-layout-properties fo:page-width="8.5in" fo:page-height="11in" style:num-format="1" style:print-orientation="portrait" fo:margin-top="0.9839in" fo:margin-bottom="0.9839in" fo:margin-left="1.1811in" fo:margin-right="0.9839in" style:shadow="none" style:writing-mode="lr-tb" style:footnote-max-height="0in"><style:footnote-sep style:width="0.0071in" style:distance-before-sep="0.0398in" style:distance-after-sep="0.0398in" style:line-style="solid" style:adjustment="left" style:rel-width="25%" style:color="#000000"/></style:page-layout-properties><style:header-style/><style:footer-style><style:header-footer-properties fo:min-height="0.2362in" fo:margin-left="0in" fo:margin-right="0in" fo:margin-top="0.1965in" style:dynamic-spacing="false"/></style:footer-style></style:page-layout><style:page-layout style:name="Mpm2"><style:page-layout-properties fo:page-width="8.5in" fo:page-height="11in" style:num-format="1" style:print-orientation="portrait" fo:margin-top="0.3937in" fo:margin-bottom="0.3937in" fo:margin-left="0.7874in" fo:margin-right="0.3937in" style:writing-mode="lr-tb" style:footnote-max-height="0in"><style:footnote-sep style:width="0.0071in" style:distance-before-sep="0.0398in" style:distance-after-sep="0.0398in" style:line-style="solid" style:adjustment="left" style:rel-width="25%" style:color="#000000"/></style:page-layout-properties><style:header-style/><style:footer-style/></style:page-layout></office:automatic-styles><office:master-styles><style:master-page style:name="Standard" style:page-layout-name="Mpm1"><style:footer><text:p text:style-name="MP1"/></style:footer><style:footer-left><text:p text:style-name="MP1"/></style:footer-left></style:master-page><style:master-page style:name="HTML" style:page-layout-name="Mpm2"/></office:master-styles></office:document-styles>